<?xml version="1.0" encoding="UTF-8"?>
<project-private xmlns="http://www.netbeans.org/ns/project-private/1">
    <editor-bookmarks xmlns="http://www.netbeans.org/ns/editor-bookmarks/2" lastBookmarkId="0"/>
    <open-files xmlns="http://www.netbeans.org/ns/projectui-open-files/2">
        <group>
            <file>file:/D:/Vladimir%20Christian%20Ocampo%20Files/DLSU%20Files/Year%203/Y3T1/LBYCP24/Java%20Project/Foreign%20Exchange%20Calculator/src/forexcalc/CurrencyListModel.java</file>
            <file>file:/D:/Vladimir%20Christian%20Ocampo%20Files/DLSU%20Files/Year%203/Y3T1/LBYCP24/Java%20Project/Foreign%20Exchange%20Calculator/src/forexcalc/ChangeAmountDialog.java</file>
            <file>file:/D:/Vladimir%20Christian%20Ocampo%20Files/DLSU%20Files/Year%203/Y3T1/LBYCP24/Java%20Project/Foreign%20Exchange%20Calculator/src/forexcalc/ForeignExchangeListForm.java</file>
            <file>file:/D:/Vladimir%20Christian%20Ocampo%20Files/DLSU%20Files/Year%203/Y3T1/LBYCP24/Java%20Project/Foreign%20Exchange%20Calculator/src/forexcalc/JavaSQL.java</file>
            <file>file:/D:/Vladimir%20Christian%20Ocampo%20Files/DLSU%20Files/Year%203/Y3T1/LBYCP24/Java%20Project/Foreign%20Exchange%20Calculator/src/forexcalc/ChangeRateDialog.java</file>
        </group>
    </open-files>
</project-private>
